<?xml version="1.0" encoding="UTF-8"?>
<project-private xmlns="http://www.netbeans.org/ns/project-private/1">
    <editor-bookmarks xmlns="http://www.netbeans.org/ns/editor-bookmarks/2" lastBookmarkId="0"/>
    <open-files xmlns="http://www.netbeans.org/ns/projectui-open-files/2">
        <group>
            <file>file:/C:/Users/Jonathan%20Dias/Desktop/ProjetoJFrame_Faculdade/FaculdadeN2/src/ProjetoN2/Ano5/Multiplicacao.java</file>
            <file>file:/C:/Users/Jonathan%20Dias/Desktop/ProjetoJFrame_Faculdade/FaculdadeN2/src/ProjetoN2/Ano5/Quiz/Q1.java</file>
            <file>file:/C:/Users/Jonathan%20Dias/Desktop/ProjetoJFrame_Faculdade/FaculdadeN2/src/ProjetoN2/Ano5/Quiz/Q5.java</file>
            <file>file:/C:/Users/Jonathan%20Dias/Desktop/ProjetoJFrame_Faculdade/FaculdadeN2/src/ProjetoN2/Ano5/Quiz/Contador.java</file>
        </group>
    </open-files>
</project-private>
